--
-- PostgreSQL database dump
--

-- Dumped from database version 14.11 (Ubuntu 14.11-0ubuntu0.22.04.1)
-- Dumped by pg_dump version 14.11 (Ubuntu 14.11-0ubuntu0.22.04.1)

SET statement_timeout = 0;
SET lock_timeout = 0;
SET idle_in_transaction_session_timeout = 0;
SET client_encoding = 'UTF8';
SET standard_conforming_strings = on;
SELECT pg_catalog.set_config('search_path', '', false);
SET check_function_bodies = false;
SET xmloption = content;
SET client_min_messages = warning;
SET row_security = off;

SET default_tablespace = '';

SET default_table_access_method = heap;

--
-- Name: auth_group; Type: TABLE; Schema: public; Owner: ricky
--

CREATE TABLE public.auth_group (
    id integer NOT NULL,
    name character varying(150) NOT NULL
);


ALTER TABLE public.auth_group OWNER TO ricky;

--
-- Name: auth_group_id_seq; Type: SEQUENCE; Schema: public; Owner: ricky
--

ALTER TABLE public.auth_group ALTER COLUMN id ADD GENERATED BY DEFAULT AS IDENTITY (
    SEQUENCE NAME public.auth_group_id_seq
    START WITH 1
    INCREMENT BY 1
    NO MINVALUE
    NO MAXVALUE
    CACHE 1
);


--
-- Name: auth_group_permissions; Type: TABLE; Schema: public; Owner: ricky
--

CREATE TABLE public.auth_group_permissions (
    id bigint NOT NULL,
    group_id integer NOT NULL,
    permission_id integer NOT NULL
);


ALTER TABLE public.auth_group_permissions OWNER TO ricky;

--
-- Name: auth_group_permissions_id_seq; Type: SEQUENCE; Schema: public; Owner: ricky
--

ALTER TABLE public.auth_group_permissions ALTER COLUMN id ADD GENERATED BY DEFAULT AS IDENTITY (
    SEQUENCE NAME public.auth_group_permissions_id_seq
    START WITH 1
    INCREMENT BY 1
    NO MINVALUE
    NO MAXVALUE
    CACHE 1
);


--
-- Name: auth_permission; Type: TABLE; Schema: public; Owner: ricky
--

CREATE TABLE public.auth_permission (
    id integer NOT NULL,
    name character varying(255) NOT NULL,
    content_type_id integer NOT NULL,
    codename character varying(100) NOT NULL
);


ALTER TABLE public.auth_permission OWNER TO ricky;

--
-- Name: auth_permission_id_seq; Type: SEQUENCE; Schema: public; Owner: ricky
--

ALTER TABLE public.auth_permission ALTER COLUMN id ADD GENERATED BY DEFAULT AS IDENTITY (
    SEQUENCE NAME public.auth_permission_id_seq
    START WITH 1
    INCREMENT BY 1
    NO MINVALUE
    NO MAXVALUE
    CACHE 1
);


--
-- Name: auth_user; Type: TABLE; Schema: public; Owner: ricky
--

CREATE TABLE public.auth_user (
    id integer NOT NULL,
    password character varying(128) NOT NULL,
    last_login timestamp with time zone,
    is_superuser boolean NOT NULL,
    username character varying(150) NOT NULL,
    first_name character varying(150) NOT NULL,
    last_name character varying(150) NOT NULL,
    email character varying(254) NOT NULL,
    is_staff boolean NOT NULL,
    is_active boolean NOT NULL,
    date_joined timestamp with time zone NOT NULL
);


ALTER TABLE public.auth_user OWNER TO ricky;

--
-- Name: auth_user_groups; Type: TABLE; Schema: public; Owner: ricky
--

CREATE TABLE public.auth_user_groups (
    id bigint NOT NULL,
    user_id integer NOT NULL,
    group_id integer NOT NULL
);


ALTER TABLE public.auth_user_groups OWNER TO ricky;

--
-- Name: auth_user_groups_id_seq; Type: SEQUENCE; Schema: public; Owner: ricky
--

ALTER TABLE public.auth_user_groups ALTER COLUMN id ADD GENERATED BY DEFAULT AS IDENTITY (
    SEQUENCE NAME public.auth_user_groups_id_seq
    START WITH 1
    INCREMENT BY 1
    NO MINVALUE
    NO MAXVALUE
    CACHE 1
);


--
-- Name: auth_user_id_seq; Type: SEQUENCE; Schema: public; Owner: ricky
--

ALTER TABLE public.auth_user ALTER COLUMN id ADD GENERATED BY DEFAULT AS IDENTITY (
    SEQUENCE NAME public.auth_user_id_seq
    START WITH 1
    INCREMENT BY 1
    NO MINVALUE
    NO MAXVALUE
    CACHE 1
);


--
-- Name: auth_user_user_permissions; Type: TABLE; Schema: public; Owner: ricky
--

CREATE TABLE public.auth_user_user_permissions (
    id bigint NOT NULL,
    user_id integer NOT NULL,
    permission_id integer NOT NULL
);


ALTER TABLE public.auth_user_user_permissions OWNER TO ricky;

--
-- Name: auth_user_user_permissions_id_seq; Type: SEQUENCE; Schema: public; Owner: ricky
--

ALTER TABLE public.auth_user_user_permissions ALTER COLUMN id ADD GENERATED BY DEFAULT AS IDENTITY (
    SEQUENCE NAME public.auth_user_user_permissions_id_seq
    START WITH 1
    INCREMENT BY 1
    NO MINVALUE
    NO MAXVALUE
    CACHE 1
);


--
-- Name: default_questions; Type: TABLE; Schema: public; Owner: postgres
--

CREATE TABLE public.default_questions (
    question_id integer NOT NULL,
    question text,
    difficulty integer,
    industry character varying(255)
);


ALTER TABLE public.default_questions OWNER TO postgres;

--
-- Name: default_questions_randomid_seq; Type: SEQUENCE; Schema: public; Owner: postgres
--

CREATE SEQUENCE public.default_questions_randomid_seq
    AS integer
    START WITH 1
    INCREMENT BY 1
    NO MINVALUE
    NO MAXVALUE
    CACHE 1;


ALTER TABLE public.default_questions_randomid_seq OWNER TO postgres;

--
-- Name: default_questions_randomid_seq; Type: SEQUENCE OWNED BY; Schema: public; Owner: postgres
--

ALTER SEQUENCE public.default_questions_randomid_seq OWNED BY public.default_questions.question_id;


--
-- Name: django_admin_log; Type: TABLE; Schema: public; Owner: ricky
--

CREATE TABLE public.django_admin_log (
    id integer NOT NULL,
    action_time timestamp with time zone NOT NULL,
    object_id text,
    object_repr character varying(200) NOT NULL,
    action_flag smallint NOT NULL,
    change_message text NOT NULL,
    content_type_id integer,
    user_id integer NOT NULL,
    CONSTRAINT django_admin_log_action_flag_check CHECK ((action_flag >= 0))
);


ALTER TABLE public.django_admin_log OWNER TO ricky;

--
-- Name: django_admin_log_id_seq; Type: SEQUENCE; Schema: public; Owner: ricky
--

ALTER TABLE public.django_admin_log ALTER COLUMN id ADD GENERATED BY DEFAULT AS IDENTITY (
    SEQUENCE NAME public.django_admin_log_id_seq
    START WITH 1
    INCREMENT BY 1
    NO MINVALUE
    NO MAXVALUE
    CACHE 1
);


--
-- Name: django_content_type; Type: TABLE; Schema: public; Owner: ricky
--

CREATE TABLE public.django_content_type (
    id integer NOT NULL,
    app_label character varying(100) NOT NULL,
    model character varying(100) NOT NULL
);


ALTER TABLE public.django_content_type OWNER TO ricky;

--
-- Name: django_content_type_id_seq; Type: SEQUENCE; Schema: public; Owner: ricky
--

ALTER TABLE public.django_content_type ALTER COLUMN id ADD GENERATED BY DEFAULT AS IDENTITY (
    SEQUENCE NAME public.django_content_type_id_seq
    START WITH 1
    INCREMENT BY 1
    NO MINVALUE
    NO MAXVALUE
    CACHE 1
);


--
-- Name: django_migrations; Type: TABLE; Schema: public; Owner: ricky
--

CREATE TABLE public.django_migrations (
    id bigint NOT NULL,
    app character varying(255) NOT NULL,
    name character varying(255) NOT NULL,
    applied timestamp with time zone NOT NULL
);


ALTER TABLE public.django_migrations OWNER TO ricky;

--
-- Name: django_migrations_id_seq; Type: SEQUENCE; Schema: public; Owner: ricky
--

ALTER TABLE public.django_migrations ALTER COLUMN id ADD GENERATED BY DEFAULT AS IDENTITY (
    SEQUENCE NAME public.django_migrations_id_seq
    START WITH 1
    INCREMENT BY 1
    NO MINVALUE
    NO MAXVALUE
    CACHE 1
);


--
-- Name: django_session; Type: TABLE; Schema: public; Owner: ricky
--

CREATE TABLE public.django_session (
    session_key character varying(40) NOT NULL,
    session_data text NOT NULL,
    expire_date timestamp with time zone NOT NULL
);


ALTER TABLE public.django_session OWNER TO ricky;

--
-- Name: emotionsummary; Type: TABLE; Schema: public; Owner: postgres
--

CREATE TABLE public.emotionsummary (
    username character varying(255),
    interview_id integer,
    question_id integer,
    emotion character varying(255),
    accuracy double precision,
    question character varying(255)
);


ALTER TABLE public.emotionsummary OWNER TO postgres;

--
-- Name: interview_id_sequence; Type: SEQUENCE; Schema: public; Owner: postgres
--

CREATE SEQUENCE public.interview_id_sequence
    START WITH 1
    INCREMENT BY 1
    NO MINVALUE
    NO MAXVALUE
    CACHE 1;


ALTER TABLE public.interview_id_sequence OWNER TO postgres;

--
-- Name: question_responses; Type: TABLE; Schema: public; Owner: postgres
--

CREATE TABLE public.question_responses (
    response_id integer NOT NULL,
    question_id integer,
    interview_id integer,
    username character varying(255),
    "timestamp" timestamp with time zone DEFAULT CURRENT_TIMESTAMP,
    question_answer text,
    video_file_path character varying(255),
    audio text
);


ALTER TABLE public.question_responses OWNER TO postgres;

--
-- Name: question_responses_response_id_seq; Type: SEQUENCE; Schema: public; Owner: postgres
--

CREATE SEQUENCE public.question_responses_response_id_seq
    AS integer
    START WITH 1
    INCREMENT BY 1
    NO MINVALUE
    NO MAXVALUE
    CACHE 1;


ALTER TABLE public.question_responses_response_id_seq OWNER TO postgres;

--
-- Name: question_responses_response_id_seq; Type: SEQUENCE OWNED BY; Schema: public; Owner: postgres
--

ALTER SEQUENCE public.question_responses_response_id_seq OWNED BY public.question_responses.response_id;


--
-- Name: speech_emotion_results; Type: TABLE; Schema: public; Owner: postgres
--

CREATE TABLE public.speech_emotion_results (
    interview_id integer NOT NULL,
    question_id integer NOT NULL,
    emotion character varying(100),
    confidence_lvl numeric
);


ALTER TABLE public.speech_emotion_results OWNER TO postgres;

--
-- Name: speech_to_text; Type: TABLE; Schema: public; Owner: postgres
--

CREATE TABLE public.speech_to_text (
    username character varying(100),
    interview_id integer,
    text jsonb
);


ALTER TABLE public.speech_to_text OWNER TO postgres;

--
-- Name: users; Type: TABLE; Schema: public; Owner: postgres
--

CREATE TABLE public.users (
    id integer NOT NULL,
    username character varying(255) NOT NULL,
    password character varying(255) NOT NULL,
    email character varying(255),
    pursuing_industry character varying(255),
    resume text
);


ALTER TABLE public.users OWNER TO postgres;

--
-- Name: users_id_seq; Type: SEQUENCE; Schema: public; Owner: postgres
--

CREATE SEQUENCE public.users_id_seq
    AS integer
    START WITH 1
    INCREMENT BY 1
    NO MINVALUE
    NO MAXVALUE
    CACHE 1;


ALTER TABLE public.users_id_seq OWNER TO postgres;

--
-- Name: users_id_seq; Type: SEQUENCE OWNED BY; Schema: public; Owner: postgres
--

ALTER SEQUENCE public.users_id_seq OWNED BY public.users.id;


--
-- Name: default_questions question_id; Type: DEFAULT; Schema: public; Owner: postgres
--

ALTER TABLE ONLY public.default_questions ALTER COLUMN question_id SET DEFAULT nextval('public.default_questions_randomid_seq'::regclass);


--
-- Name: question_responses response_id; Type: DEFAULT; Schema: public; Owner: postgres
--

ALTER TABLE ONLY public.question_responses ALTER COLUMN response_id SET DEFAULT nextval('public.question_responses_response_id_seq'::regclass);


--
-- Name: users id; Type: DEFAULT; Schema: public; Owner: postgres
--

ALTER TABLE ONLY public.users ALTER COLUMN id SET DEFAULT nextval('public.users_id_seq'::regclass);


--
-- Data for Name: auth_group; Type: TABLE DATA; Schema: public; Owner: ricky
--

COPY public.auth_group (id, name) FROM stdin;
\.


--
-- Data for Name: auth_group_permissions; Type: TABLE DATA; Schema: public; Owner: ricky
--

COPY public.auth_group_permissions (id, group_id, permission_id) FROM stdin;
\.


--
-- Data for Name: auth_permission; Type: TABLE DATA; Schema: public; Owner: ricky
--

COPY public.auth_permission (id, name, content_type_id, codename) FROM stdin;
1	Can add log entry	1	add_logentry
2	Can change log entry	1	change_logentry
3	Can delete log entry	1	delete_logentry
4	Can view log entry	1	view_logentry
5	Can add permission	2	add_permission
6	Can change permission	2	change_permission
7	Can delete permission	2	delete_permission
8	Can view permission	2	view_permission
9	Can add group	3	add_group
10	Can change group	3	change_group
11	Can delete group	3	delete_group
12	Can view group	3	view_group
13	Can add user	4	add_user
14	Can change user	4	change_user
15	Can delete user	4	delete_user
16	Can view user	4	view_user
17	Can add content type	5	add_contenttype
18	Can change content type	5	change_contenttype
19	Can delete content type	5	delete_contenttype
20	Can view content type	5	view_contenttype
21	Can add session	6	add_session
22	Can change session	6	change_session
23	Can delete session	6	delete_session
24	Can view session	6	view_session
\.


--
-- Data for Name: auth_user; Type: TABLE DATA; Schema: public; Owner: ricky
--

COPY public.auth_user (id, password, last_login, is_superuser, username, first_name, last_name, email, is_staff, is_active, date_joined) FROM stdin;
1	pbkdf2_sha256$720000$MDFtAP4KPRNlshilDfEi4D$wo9ojcOXCBNRlstbEeoEQBYkpsuN3Idlmbjl6+2coq0=	\N	t	rgarim@umich.edu			rgarim@umich.edu	t	t	2024-03-22 00:09:34.434261+00
\.


--
-- Data for Name: auth_user_groups; Type: TABLE DATA; Schema: public; Owner: ricky
--

COPY public.auth_user_groups (id, user_id, group_id) FROM stdin;
\.


--
-- Data for Name: auth_user_user_permissions; Type: TABLE DATA; Schema: public; Owner: ricky
--

COPY public.auth_user_user_permissions (id, user_id, permission_id) FROM stdin;
\.


--
-- Data for Name: default_questions; Type: TABLE DATA; Schema: public; Owner: postgres
--

COPY public.default_questions (question_id, question, difficulty, industry) FROM stdin;
32	What is the difference between procedural and object-oriented programming?	3	Software Engineering
33	Explain the concept of polymorphism in object-oriented programming.	4	Software Engineering
34	What is the difference between synchronous and asynchronous programming?	3	Software Engineering
35	What is the purpose of version control systems like Git?	2	Software Engineering
36	What is the difference between HTTP and HTTPS?	2	Software Engineering
37	Explain the concept of a RESTful API.	3	Software Engineering
38	What is the difference between unit testing and integration testing?	4	Software Engineering
39	What are some common data structures used in software development?	3	Software Engineering
40	What is the difference between SQL and NoSQL databases?	3	Software Engineering
41	Explain the concept of Big O notation and its significance in algorithms.	5	Software Engineering
42	What are some common design patterns used in software development?	4	Software Engineering
43	What is the difference between a compiler and an interpreter?	3	Software Engineering
44	What is the purpose of dependency injection in software development?	4	Software Engineering
45	Explain the concept of concurrency and parallelism in programming.	5	Software Engineering
46	What is the difference between functional and non-functional requirements in software engineering?	3	Software Engineering
47	What is the difference between white-box and black-box testing?	4	Software Engineering
48	Explain the concept of continuous integration and continuous deployment (CI/CD).	4	Software Engineering
49	What is the purpose of code refactoring in software development?	3	Software Engineering
50	What are some common software development methodologies (e.g., Agile, Waterfall)?	3	Software Engineering
51	Explain the concept of design scalability in software architecture.	5	Software Engineering
52	What is the difference between horizontal and vertical scaling?	4	Software Engineering
53	Explain the concept of microservices architecture.	4	Software Engineering
54	What is the role of a software architect in the development process?	3	Software Engineering
55	What is the purpose of a code review process in software development?	3	Software Engineering
56	Explain the concept of software regression testing.	4	Software Engineering
57	What is the difference between Docker and virtual machines?	4	Software Engineering
58	Explain the concept of DevOps and its importance in software development.	3	Software Engineering
59	What is the difference between a framework and a library in software development?	3	Software Engineering
60	Explain the concept of garbage collection in programming languages.	4	Software Engineering
61	What are some common security vulnerabilities in web applications?	4	Software Engineering
62	Explain the concept of object-relational mapping (ORM) and its benefits.	4	Software Engineering
63	What are some advantages and disadvantages of using microservices architecture?	4	Software Engineering
64	Explain the concept of a distributed system and some challenges associated with it.	5	Software Engineering
65	What is the difference between authentication and authorization in web security?	3	Software Engineering
66	Explain the concept of cross-site scripting (XSS) attacks and how to prevent them.	4	Software Engineering
67	What are some common sorting algorithms, and their time complexities?	5	Software Engineering
68	What is the difference between TCP and UDP protocols?	4	Software Engineering
69	Explain the concept of multithreading and its advantages in software development.	5	Software Engineering
70	What is the purpose of a software requirements specification (SRS) document?	3	Software Engineering
71	Explain the concept of a virtual machine and its use in software development.	4	Software Engineering
72	What is the role of a product manager in the software development lifecycle?	3	Software Engineering
73	Explain the concept of continuous monitoring in software security.	4	Software Engineering
74	What are some common code smells, and how can they be refactored?	4	Software Engineering
75	What is the difference between horizontal and vertical partitioning in databases?	4	Software Engineering
76	Explain the concept of a design sprint and its use in product development.	3	Software Engineering
77	What are some common performance optimization techniques in web applications?	4	Software Engineering
78	What is the difference between static and dynamic typing in programming languages?	3	Software Engineering
79	Explain the concept of a dependency graph and its use in software development.	4	Software Engineering
80	What are some common strategies for handling database transactions?	4	Software Engineering
81	What is the purpose of load balancing in distributed systems?	4	Software Engineering
82	Explain the concept of CAP theorem in distributed systems.	5	Software Engineering
83	What is the difference between stateful and stateless authentication?	4	Software Engineering
84	Explain the concept of a software bug and some debugging techniques.	3	Software Engineering
85	What is the role of a quality assurance (QA) engineer in the development process?	3	Software Engineering
86	Explain the concept of continuous testing and its benefits in software development.	4	Software Engineering
87	What are some common security best practices in web application development?	4	Software Engineering
88	What is the difference between a monolithic and a microservices architecture?	4	Software Engineering
89	Explain the concept of a deadlock in concurrent programming and how to prevent it.	5	Software Engineering
90	What are some common HTTP status codes and their meanings?	3	Software Engineering
91	What is the purpose of a user story in Agile development?	3	Software Engineering
92	Explain the concept of a state machine and its use in software design.	4	Software Engineering
93	What are some common design principles used in object-oriented programming?	4	Software Engineering
94	What is the difference between a white-box and a black-box testing technique?	4	Software Engineering
95	Explain the concept of a software development kit (SDK) and its use in programming.	3	Software Engineering
96	What are some common network protocols used in web applications?	4	Software Engineering
97	What is the purpose of a data flow diagram (DFD) in software design?	3	Software Engineering
98	Explain the concept of a race condition in concurrent programming and how to avoid it.	5	Software Engineering
99	What are some common project management methodologies used in software development?	3	Software Engineering
100	What is the difference between a stack and a queue data structure?	4	Software Engineering
101	Explain the concept of a singleton pattern in software design and its use cases.	4	Software Engineering
102	What are some common caching strategies used in web applications?	4	Software Engineering
103	What is the purpose of a database index, and how does it improve query performance?	4	Software Engineering
104	Explain the concept of a code review process and its benefits in software development.	3	Software Engineering
105	What are some common architectural patterns used in building web applications?	4	Software Engineering
106	What is the difference between a mutex and a semaphore in concurrent programming?	5	Software Engineering
107	Explain the concept of a regression test suite and its use in software testing.	4	Software Engineering
108	What are some common techniques for securing APIs in web applications?	4	Software Engineering
109	What is the purpose of a service-level agreement (SLA) in software contracts?	3	Software Engineering
\.


--
-- Data for Name: django_admin_log; Type: TABLE DATA; Schema: public; Owner: ricky
--

COPY public.django_admin_log (id, action_time, object_id, object_repr, action_flag, change_message, content_type_id, user_id) FROM stdin;
\.


--
-- Data for Name: django_content_type; Type: TABLE DATA; Schema: public; Owner: ricky
--

COPY public.django_content_type (id, app_label, model) FROM stdin;
1	admin	logentry
2	auth	permission
3	auth	group
4	auth	user
5	contenttypes	contenttype
6	sessions	session
\.


--
-- Data for Name: django_migrations; Type: TABLE DATA; Schema: public; Owner: ricky
--

COPY public.django_migrations (id, app, name, applied) FROM stdin;
1	contenttypes	0001_initial	2024-03-22 00:08:54.324607+00
2	auth	0001_initial	2024-03-22 00:08:54.420607+00
3	admin	0001_initial	2024-03-22 00:08:54.519067+00
4	admin	0002_logentry_remove_auto_add	2024-03-22 00:08:54.527401+00
5	admin	0003_logentry_add_action_flag_choices	2024-03-22 00:08:54.53576+00
6	contenttypes	0002_remove_content_type_name	2024-03-22 00:08:54.552354+00
7	auth	0002_alter_permission_name_max_length	2024-03-22 00:08:54.561186+00
8	auth	0003_alter_user_email_max_length	2024-03-22 00:08:54.56972+00
9	auth	0004_alter_user_username_opts	2024-03-22 00:08:54.577851+00
10	auth	0005_alter_user_last_login_null	2024-03-22 00:08:54.587999+00
11	auth	0006_require_contenttypes_0002	2024-03-22 00:08:54.589816+00
12	auth	0007_alter_validators_add_error_messages	2024-03-22 00:08:54.597556+00
13	auth	0008_alter_user_username_max_length	2024-03-22 00:08:54.610544+00
14	auth	0009_alter_user_last_name_max_length	2024-03-22 00:08:54.61889+00
15	auth	0010_alter_group_name_max_length	2024-03-22 00:08:54.628338+00
16	auth	0011_update_proxy_permissions	2024-03-22 00:08:54.636069+00
17	auth	0012_alter_user_first_name_max_length	2024-03-22 00:08:54.645067+00
18	sessions	0001_initial	2024-03-22 00:08:54.660718+00
\.


--
-- Data for Name: django_session; Type: TABLE DATA; Schema: public; Owner: ricky
--

COPY public.django_session (session_key, session_data, expire_date) FROM stdin;
\.


--
-- Data for Name: emotionsummary; Type: TABLE DATA; Schema: public; Owner: postgres
--

COPY public.emotionsummary (username, interview_id, question_id, emotion, accuracy, question) FROM stdin;
testuser	386036	32	sadness	0.18844	\N
testuser	386036	32	joy	0.322825	\N
testuser	386036	32	fear	0.052949	\N
testuser	386036	32	disgust	0.034935	\N
testuser	386036	32	anger	0.076845	\N
testuser	386036	33	sadness	0.18844	\N
testuser	386036	33	joy	0.322825	\N
testuser	386036	33	fear	0.052949	\N
testuser	386036	33	disgust	0.034935	\N
testuser	386036	33	anger	0.076845	\N
testuser	548700	34	sadness	0.108123	\N
testuser	548700	34	joy	0.156483	\N
testuser	548700	34	fear	0.090157	\N
testuser	548700	34	disgust	0.019706	\N
testuser	548700	34	anger	0.159008	\N
testuser	548700	35	sadness	0.18844	\N
testuser	548700	35	joy	0.322825	\N
testuser	548700	35	fear	0.052949	\N
testuser	548700	35	disgust	0.034935	\N
testuser	548700	35	anger	0.076845	\N
testuser	143328	36	sadness	0.18844	\N
testuser	143328	36	joy	0.322825	\N
testuser	143328	36	fear	0.052949	\N
testuser	143328	36	disgust	0.034935	\N
testuser	143328	36	anger	0.076845	\N
testuser	143328	37	sadness	0.18844	\N
testuser	143328	37	joy	0.322825	\N
testuser	143328	37	fear	0.052949	\N
testuser	143328	37	disgust	0.034935	\N
testuser	143328	37	anger	0.076845	\N
testuser	484622	38	sadness	0.18844	\N
testuser	484622	38	joy	0.322825	\N
testuser	484622	38	fear	0.052949	\N
testuser	484622	38	disgust	0.034935	\N
testuser	484622	38	anger	0.076845	\N
testuser	484622	39	sadness	0.18844	\N
testuser	484622	39	joy	0.322825	\N
testuser	484622	39	fear	0.052949	\N
testuser	484622	39	disgust	0.034935	\N
testuser	484622	39	anger	0.076845	\N
testuser	866582	40	sadness	0.046114	\N
testuser	866582	40	joy	0.882347	\N
testuser	866582	40	fear	0.050103	\N
testuser	866582	40	disgust	0.003959	\N
testuser	866582	40	anger	0.04418	\N
testuser	866582	41	sadness	0.047017	\N
testuser	866582	41	joy	0.769628	\N
testuser	866582	41	fear	0.044232	\N
testuser	866582	41	disgust	0.018092	\N
testuser	866582	41	anger	0.035576	\N
testuser	957667	42	sadness	0.18844	\N
testuser	957667	42	joy	0.322825	\N
testuser	957667	42	fear	0.052949	\N
testuser	957667	42	disgust	0.034935	\N
testuser	957667	42	anger	0.076845	\N
testuser	957667	43	sadness	0.18844	\N
testuser	957667	43	joy	0.322825	\N
testuser	957667	43	fear	0.052949	\N
testuser	957667	43	disgust	0.034935	\N
testuser	957667	43	anger	0.076845	\N
testuser	329388	44	sadness	0.18844	\N
testuser	329388	44	joy	0.322825	\N
testuser	329388	44	fear	0.052949	\N
testuser	329388	44	disgust	0.034935	\N
testuser	329388	44	anger	0.076845	\N
testuser	329388	45	sadness	0.18844	\N
testuser	329388	45	joy	0.322825	\N
testuser	329388	45	fear	0.052949	\N
testuser	329388	45	disgust	0.034935	\N
testuser	329388	45	anger	0.076845	\N
testuser	167933	46	sadness	0.094483	\N
testuser	167933	46	joy	0.007327	\N
testuser	167933	46	fear	0.037259	\N
testuser	167933	46	disgust	0.075901	\N
testuser	167933	46	anger	0.889119	\N
testuser	167933	47	sadness	0.011545	\N
testuser	167933	47	joy	0.993677	\N
testuser	167933	47	fear	0.004232	\N
testuser	167933	47	disgust	0.002163	\N
testuser	167933	47	anger	0.007202	\N
testuser	748557	49	sadness	0.18844	\N
testuser	748557	49	joy	0.322825	\N
testuser	748557	49	fear	0.052949	\N
testuser	748557	49	disgust	0.034935	\N
testuser	748557	49	anger	0.076845	\N
testuser	953168	50	sadness	0.09976	\N
testuser	953168	50	joy	0.216441	\N
testuser	953168	50	fear	0.201179	\N
testuser	953168	50	disgust	0.03898	\N
testuser	953168	50	anger	0.151135	\N
testuser	464587	48	sadness	0.18844	\N
testuser	464587	48	joy	0.322825	\N
testuser	464587	48	fear	0.052949	\N
testuser	464587	48	disgust	0.034935	\N
testuser	464587	48	anger	0.076845	\N
testuser	464587	51	sadness	0.18844	\N
testuser	464587	51	joy	0.322825	\N
testuser	464587	51	fear	0.052949	\N
testuser	464587	51	disgust	0.034935	\N
testuser	464587	51	anger	0.076845	\N
fuck	12345	1	sadness	0.302579	\N
fuck	12345	1	joy	0.064403	\N
fuck	12345	1	fear	0.032712	\N
fuck	12345	1	disgust	0.016864	\N
fuck	12345	1	anger	0.561086	\N
fuck	12345	1	sadness	0.557592	\N
fuck	12345	1	joy	0.330535	\N
fuck	12345	1	fear	0.025671	\N
fuck	12345	1	disgust	0.006449	\N
fuck	12345	1	anger	0.043267	\N
fuck	12346	1	sadness	0.557592	\N
fuck	12346	1	joy	0.330535	\N
fuck	12346	1	fear	0.025671	\N
fuck	12346	1	disgust	0.006449	\N
fuck	12346	1	anger	0.043267	\N
testuser	154472	32	sadness	0.18844	\N
testuser	154472	32	joy	0.322825	\N
testuser	154472	32	fear	0.052949	\N
testuser	154472	32	disgust	0.034935	\N
testuser	154472	32	anger	0.076845	\N
testuser	154472	33	sadness	0.18844	\N
testuser	154472	33	joy	0.322825	\N
testuser	154472	33	fear	0.052949	\N
testuser	154472	33	disgust	0.034935	\N
testuser	154472	33	anger	0.076845	\N
testuser	485739	34	sadness	0.18844	\N
testuser	485739	34	joy	0.322825	\N
testuser	485739	34	fear	0.052949	\N
testuser	485739	34	disgust	0.034935	\N
testuser	485739	34	anger	0.076845	\N
testuser	485739	35	sadness	0.18844	\N
testuser	485739	35	joy	0.322825	\N
testuser	485739	35	fear	0.052949	\N
testuser	485739	35	disgust	0.034935	\N
testuser	485739	35	anger	0.076845	\N
testuser	315438	36	sadness	0.14792	\N
testuser	315438	36	joy	0.316701	\N
testuser	315438	36	fear	0.042488	\N
testuser	315438	36	disgust	0.048764	\N
testuser	315438	36	anger	0.095465	\N
testuser	315438	37	sadness	0.563292	\N
testuser	315438	37	joy	0.677221	\N
testuser	315438	37	fear	0.016547	\N
testuser	315438	37	disgust	0.019887	\N
testuser	315438	37	anger	0.031363	\N
testuser	138413	38	sadness	0.18844	\N
testuser	138413	38	joy	0.322825	\N
testuser	138413	38	fear	0.052949	\N
testuser	138413	38	disgust	0.034935	\N
testuser	138413	38	anger	0.076845	\N
testuser	138413	39	sadness	0.18844	\N
testuser	138413	39	joy	0.322825	\N
testuser	138413	39	fear	0.052949	\N
testuser	138413	39	disgust	0.034935	\N
testuser	138413	39	anger	0.076845	\N
testuser	476959	40	sadness	0.18844	\N
testuser	476959	40	joy	0.322825	\N
testuser	476959	40	fear	0.052949	\N
testuser	476959	40	disgust	0.034935	\N
testuser	476959	40	anger	0.076845	\N
testuser	476959	41	sadness	0.18844	\N
testuser	476959	41	joy	0.322825	\N
testuser	476959	41	fear	0.052949	\N
testuser	476959	41	disgust	0.034935	\N
testuser	476959	41	anger	0.076845	\N
testuser	642865	42	sadness	0.18844	\N
testuser	642865	42	joy	0.322825	\N
testuser	642865	42	fear	0.052949	\N
testuser	642865	42	disgust	0.034935	\N
testuser	642865	42	anger	0.076845	\N
testuser	642865	43	sadness	0.18844	\N
testuser	642865	43	joy	0.322825	\N
testuser	642865	43	fear	0.052949	\N
testuser	642865	43	disgust	0.034935	\N
testuser	642865	43	anger	0.076845	\N
testuser	842276	44	sadness	0.18844	\N
testuser	842276	44	joy	0.322825	\N
testuser	842276	44	fear	0.052949	\N
testuser	842276	44	disgust	0.034935	\N
testuser	842276	44	anger	0.076845	\N
testuser	842276	45	sadness	0.18844	\N
testuser	842276	45	joy	0.322825	\N
testuser	842276	45	fear	0.052949	\N
testuser	842276	45	disgust	0.034935	\N
testuser	842276	45	anger	0.076845	\N
testuser	886961	46	sadness	0.18844	\N
testuser	886961	46	joy	0.322825	\N
testuser	886961	46	fear	0.052949	\N
testuser	886961	46	disgust	0.034935	\N
testuser	886961	46	anger	0.076845	\N
testuser	886961	47	sadness	0.18844	\N
testuser	886961	47	joy	0.322825	\N
testuser	886961	47	fear	0.052949	\N
testuser	886961	47	disgust	0.034935	\N
testuser	886961	47	anger	0.076845	\N
testuser	519175	48	sadness	0.18844	\N
testuser	519175	48	joy	0.322825	\N
testuser	519175	48	fear	0.052949	\N
testuser	519175	48	disgust	0.034935	\N
testuser	519175	48	anger	0.076845	\N
testuser	519175	49	sadness	0.18844	\N
testuser	519175	49	joy	0.322825	\N
testuser	519175	49	fear	0.052949	\N
testuser	519175	49	disgust	0.034935	\N
testuser	519175	49	anger	0.076845	\N
testuser	829625	50	sadness	0.18844	\N
testuser	829625	50	joy	0.322825	\N
testuser	829625	50	fear	0.052949	\N
testuser	829625	50	disgust	0.034935	\N
testuser	829625	50	anger	0.076845	\N
testuser	829625	51	sadness	0.18844	\N
testuser	829625	51	joy	0.322825	\N
testuser	829625	51	fear	0.052949	\N
testuser	829625	51	disgust	0.034935	\N
testuser	829625	51	anger	0.076845	\N
testuser	112155	52	sadness	0.18844	\N
testuser	112155	52	joy	0.322825	\N
testuser	112155	52	fear	0.052949	\N
testuser	112155	52	disgust	0.034935	\N
testuser	112155	52	anger	0.076845	\N
testuser	112155	53	sadness	0.18844	\N
testuser	112155	53	joy	0.322825	\N
testuser	112155	53	fear	0.052949	\N
testuser	112155	53	disgust	0.034935	\N
testuser	112155	53	anger	0.076845	\N
testuser	170085	54	sadness	0.18844	\N
testuser	170085	54	joy	0.322825	\N
testuser	170085	54	fear	0.052949	\N
testuser	170085	54	disgust	0.034935	\N
testuser	170085	54	anger	0.076845	\N
testuser	170085	55	sadness	0.18844	\N
testuser	170085	55	joy	0.322825	\N
testuser	170085	55	fear	0.052949	\N
testuser	170085	55	disgust	0.034935	\N
testuser	170085	55	anger	0.076845	\N
testuser	607765	56	sadness	0.18844	\N
testuser	607765	56	joy	0.322825	\N
testuser	607765	56	fear	0.052949	\N
testuser	607765	56	disgust	0.034935	\N
testuser	607765	56	anger	0.076845	\N
testuser	607765	57	sadness	0.18844	\N
testuser	607765	57	joy	0.322825	\N
testuser	607765	57	fear	0.052949	\N
testuser	607765	57	disgust	0.034935	\N
testuser	607765	57	anger	0.076845	\N
testuser	892783	58	sadness	0.18844	\N
testuser	892783	58	joy	0.322825	\N
testuser	892783	58	fear	0.052949	\N
testuser	892783	58	disgust	0.034935	\N
testuser	892783	58	anger	0.076845	\N
testuser	892783	59	sadness	0.18844	\N
testuser	892783	59	joy	0.322825	\N
testuser	892783	59	fear	0.052949	\N
testuser	892783	59	disgust	0.034935	\N
testuser	892783	59	anger	0.076845	\N
fuck	12347	1	sadness	0.557592	\N
fuck	12347	1	joy	0.330535	\N
fuck	12347	1	fear	0.025671	\N
fuck	12347	1	disgust	0.006449	\N
fuck	12347	1	anger	0.043267	\N
testuser	666	32	sadness	0.09319	\N
testuser	666	32	joy	0.457365	\N
testuser	666	32	fear	0.314184	\N
testuser	666	32	disgust	0.040819	\N
testuser	666	32	anger	0.081261	\N
testuser	268318	60	sadness	0.18844	\N
testuser	268318	60	joy	0.322825	\N
testuser	268318	60	fear	0.052949	\N
testuser	268318	60	disgust	0.034935	\N
testuser	268318	60	anger	0.076845	\N
testuser	268318	61	sadness	0.18844	\N
testuser	268318	61	joy	0.322825	\N
testuser	268318	61	fear	0.052949	\N
testuser	268318	61	disgust	0.034935	\N
testuser	268318	61	anger	0.076845	\N
testuser	981351	62	sadness	0.178898	\N
testuser	981351	62	joy	0.375095	\N
testuser	981351	62	fear	0.062358	\N
testuser	981351	62	disgust	0.035951	\N
testuser	981351	62	anger	0.056158	\N
testuser	981351	63	sadness	0.18844	\N
testuser	981351	63	joy	0.322825	\N
testuser	981351	63	fear	0.052949	\N
testuser	981351	63	disgust	0.034935	\N
testuser	981351	63	anger	0.076845	\N
testuser	683144	64	sadness	0.300223	\N
testuser	683144	64	joy	0.22958	\N
testuser	683144	64	fear	0.133623	\N
testuser	683144	64	disgust	0.024708	\N
testuser	683144	64	anger	0.055894	\N
testuser	683144	65	sadness	0.310765	\N
testuser	683144	65	joy	0.031158	\N
testuser	683144	65	fear	0.19417	\N
testuser	683144	65	disgust	0.052688	\N
testuser	683144	65	anger	0.186829	\N
testuser	198327	66	sadness	0.271595	\N
testuser	198327	66	joy	0.366406	\N
testuser	198327	66	fear	0.080546	\N
testuser	198327	66	disgust	0.047989	\N
testuser	198327	66	anger	0.105559	\N
testuser	198327	67	sadness	0.347022	\N
testuser	198327	67	joy	0.032793	\N
testuser	198327	67	fear	0.359978	\N
testuser	198327	67	disgust	0.063383	\N
testuser	198327	67	anger	0.035468	\N
testuser	315779	68	sadness	0.18844	\N
testuser	315779	68	joy	0.322825	\N
testuser	315779	68	fear	0.052949	\N
testuser	315779	68	disgust	0.034935	\N
testuser	315779	68	anger	0.076845	\N
testuser	315779	69	sadness	0.18844	\N
testuser	315779	69	joy	0.322825	\N
testuser	315779	69	fear	0.052949	\N
testuser	315779	69	disgust	0.034935	\N
testuser	315779	69	anger	0.076845	\N
testuser	315887	70	sadness	0.375055	\N
testuser	315887	70	joy	0.168863	\N
testuser	315887	70	fear	0.156415	\N
testuser	315887	70	disgust	0.029941	\N
testuser	315887	70	anger	0.073514	\N
testuser	315887	71	sadness	0.209406	\N
testuser	315887	71	joy	0.173213	\N
testuser	315887	71	fear	0.073575	\N
testuser	315887	71	disgust	0.027755	\N
testuser	315887	71	anger	0.329228	\N
testuser	753746	72	sadness	0.18844	\N
testuser	753746	72	joy	0.322825	\N
testuser	753746	72	fear	0.052949	\N
testuser	753746	72	disgust	0.034935	\N
testuser	753746	72	anger	0.076845	\N
testuser	753746	73	sadness	0.18844	\N
testuser	753746	73	joy	0.322825	\N
testuser	753746	73	fear	0.052949	\N
testuser	753746	73	disgust	0.034935	\N
testuser	753746	73	anger	0.076845	\N
testuser	851655	74	sadness	0.18844	\N
testuser	851655	74	joy	0.322825	\N
testuser	851655	74	fear	0.052949	\N
testuser	851655	74	disgust	0.034935	\N
testuser	851655	74	anger	0.076845	\N
testuser	851655	75	sadness	0.18844	\N
testuser	851655	75	joy	0.322825	\N
testuser	851655	75	fear	0.052949	\N
testuser	851655	75	disgust	0.034935	\N
testuser	851655	75	anger	0.076845	\N
testuser	666	32	sadness	0.09319	\N
testuser	666	32	joy	0.457365	\N
testuser	666	32	fear	0.314184	\N
testuser	666	32	disgust	0.040819	\N
testuser	666	32	anger	0.081261	\N
testuser	666	32	sadness	0.09319	\N
testuser	666	32	joy	0.457365	\N
testuser	666	32	fear	0.314184	\N
testuser	666	32	disgust	0.040819	\N
testuser	666	32	anger	0.081261	\N
testuser	215203	76	sadness	0.18844	\N
testuser	215203	76	joy	0.322825	\N
testuser	215203	76	fear	0.052949	\N
testuser	215203	76	disgust	0.034935	\N
testuser	215203	76	anger	0.076845	\N
testuser	215203	77	sadness	0.18844	\N
testuser	215203	77	joy	0.322825	\N
testuser	215203	77	fear	0.052949	\N
testuser	215203	77	disgust	0.034935	\N
testuser	215203	77	anger	0.076845	\N
testuser	462042	78	sadness	0.18844	\N
testuser	462042	78	joy	0.322825	\N
testuser	462042	78	fear	0.052949	\N
testuser	462042	78	disgust	0.034935	\N
testuser	462042	78	anger	0.076845	\N
testuser	462042	79	sadness	0.119329	\N
testuser	462042	79	joy	0.167504	\N
testuser	462042	79	fear	0.083838	\N
testuser	462042	79	disgust	0.0622	\N
testuser	462042	79	anger	0.334421	\N
testuser	355266	80	sadness	0.18844	\N
testuser	355266	80	joy	0.322825	\N
testuser	355266	80	fear	0.052949	\N
testuser	355266	80	disgust	0.034935	\N
testuser	355266	80	anger	0.076845	\N
testuser	355266	81	sadness	0.18844	\N
testuser	355266	81	joy	0.322825	\N
testuser	355266	81	fear	0.052949	\N
testuser	355266	81	disgust	0.034935	\N
testuser	355266	81	anger	0.076845	\N
testuser	617248	82	sadness	0.18844	\N
testuser	617248	82	joy	0.322825	\N
testuser	617248	82	fear	0.052949	\N
testuser	617248	82	disgust	0.034935	\N
testuser	617248	82	anger	0.076845	\N
testuser	617248	83	sadness	0.18844	\N
testuser	617248	83	joy	0.322825	\N
testuser	617248	83	fear	0.052949	\N
testuser	617248	83	disgust	0.034935	\N
testuser	617248	83	anger	0.076845	\N
testuser	130261	84	sadness	0.18844	\N
testuser	130261	84	joy	0.322825	\N
testuser	130261	84	fear	0.052949	\N
testuser	130261	84	disgust	0.034935	\N
testuser	130261	84	anger	0.076845	\N
testuser	130261	85	sadness	0.18844	\N
testuser	130261	85	joy	0.322825	\N
testuser	130261	85	fear	0.052949	\N
testuser	130261	85	disgust	0.034935	\N
testuser	130261	85	anger	0.076845	\N
testuser	712842	86	sadness	0.18844	\N
testuser	712842	86	joy	0.322825	\N
testuser	712842	86	fear	0.052949	\N
testuser	712842	86	disgust	0.034935	\N
testuser	712842	86	anger	0.076845	\N
testuser	712842	87	sadness	0.18844	\N
testuser	712842	87	joy	0.322825	\N
testuser	712842	87	fear	0.052949	\N
testuser	712842	87	disgust	0.034935	\N
testuser	712842	87	anger	0.076845	\N
testuser	297835	89	sadness	0.18844	\N
testuser	297835	89	joy	0.322825	\N
testuser	297835	89	fear	0.052949	\N
testuser	297835	89	disgust	0.034935	\N
testuser	297835	89	anger	0.076845	\N
testuser	297835	88	sadness	0.18844	\N
testuser	297835	88	joy	0.322825	\N
testuser	297835	88	fear	0.052949	\N
testuser	297835	88	disgust	0.034935	\N
testuser	297835	88	anger	0.076845	\N
testuser	432316	90	sadness	0.18844	\N
testuser	432316	90	joy	0.322825	\N
testuser	432316	90	fear	0.052949	\N
testuser	432316	90	disgust	0.034935	\N
testuser	432316	90	anger	0.076845	\N
testuser	432316	91	sadness	0.18844	\N
testuser	432316	91	joy	0.322825	\N
testuser	432316	91	fear	0.052949	\N
testuser	432316	91	disgust	0.034935	\N
testuser	432316	91	anger	0.076845	\N
testuser	746919	92	sadness	0.18844	\N
testuser	746919	92	joy	0.322825	\N
testuser	746919	92	fear	0.052949	\N
testuser	746919	92	disgust	0.034935	\N
testuser	746919	92	anger	0.076845	\N
testuser	746919	93	sadness	0.18844	\N
testuser	746919	93	joy	0.322825	\N
testuser	746919	93	fear	0.052949	\N
testuser	746919	93	disgust	0.034935	\N
testuser	746919	93	anger	0.076845	\N
testuser	820141	94	sadness	0.18844	\N
testuser	820141	94	joy	0.322825	\N
testuser	820141	94	fear	0.052949	\N
testuser	820141	94	disgust	0.034935	\N
testuser	820141	94	anger	0.076845	\N
testuser	820141	95	sadness	0.18844	\N
testuser	820141	95	joy	0.322825	\N
testuser	820141	95	fear	0.052949	\N
testuser	820141	95	disgust	0.034935	\N
testuser	820141	95	anger	0.076845	\N
testuser	130011	96	sadness	0.18844	\N
testuser	130011	96	joy	0.322825	\N
testuser	130011	96	fear	0.052949	\N
testuser	130011	96	disgust	0.034935	\N
testuser	130011	96	anger	0.076845	\N
testuser	130011	97	sadness	0.18844	\N
testuser	130011	97	joy	0.322825	\N
testuser	130011	97	fear	0.052949	\N
testuser	130011	97	disgust	0.034935	\N
testuser	130011	97	anger	0.076845	\N
testuser	481940	98	sadness	0.18844	\N
testuser	481940	98	joy	0.322825	\N
testuser	481940	98	fear	0.052949	\N
testuser	481940	98	disgust	0.034935	\N
testuser	481940	98	anger	0.076845	\N
testuser	481940	99	sadness	0.18844	\N
testuser	481940	99	joy	0.322825	\N
testuser	481940	99	fear	0.052949	\N
testuser	481940	99	disgust	0.034935	\N
testuser	481940	99	anger	0.076845	\N
testuser	396794	100	sadness	0.18844	\N
testuser	396794	100	joy	0.322825	\N
testuser	396794	100	fear	0.052949	\N
testuser	396794	100	disgust	0.034935	\N
testuser	396794	100	anger	0.076845	\N
testuser	396794	101	sadness	0.18844	\N
testuser	396794	101	joy	0.322825	\N
testuser	396794	101	fear	0.052949	\N
testuser	396794	101	disgust	0.034935	\N
testuser	396794	101	anger	0.076845	\N
testuser	947781	102	sadness	0.18844	\N
testuser	947781	102	joy	0.322825	\N
testuser	947781	102	fear	0.052949	\N
testuser	947781	102	disgust	0.034935	\N
testuser	947781	102	anger	0.076845	\N
testuser	947781	103	sadness	0.18844	\N
testuser	947781	103	joy	0.322825	\N
testuser	947781	103	fear	0.052949	\N
testuser	947781	103	disgust	0.034935	\N
testuser	947781	103	anger	0.076845	\N
testuser	947781	102	sadness	0.18844	\N
testuser	947781	102	joy	0.322825	\N
testuser	947781	102	fear	0.052949	\N
testuser	947781	102	disgust	0.034935	\N
testuser	947781	102	anger	0.076845	\N
testuser	947781	103	sadness	0.18844	\N
testuser	947781	103	joy	0.322825	\N
testuser	947781	103	fear	0.052949	\N
testuser	947781	103	disgust	0.034935	\N
testuser	947781	103	anger	0.076845	\N
testuser	721261	104	sadness	0.18844	\N
testuser	721261	104	joy	0.322825	\N
testuser	721261	104	fear	0.052949	\N
testuser	721261	104	disgust	0.034935	\N
testuser	721261	104	anger	0.076845	\N
testuser	721261	105	sadness	0.18844	\N
testuser	721261	105	joy	0.322825	\N
testuser	721261	105	fear	0.052949	\N
testuser	721261	105	disgust	0.034935	\N
testuser	721261	105	anger	0.076845	\N
testuser	721261	104	sadness	0.18844	\N
testuser	721261	104	joy	0.322825	\N
testuser	721261	104	fear	0.052949	\N
testuser	721261	104	disgust	0.034935	\N
testuser	721261	104	anger	0.076845	\N
testuser	721261	105	sadness	0.18844	\N
testuser	721261	105	joy	0.322825	\N
testuser	721261	105	fear	0.052949	\N
testuser	721261	105	disgust	0.034935	\N
testuser	721261	105	anger	0.076845	\N
testuser	721261	104	sadness	0.18844	\N
testuser	721261	104	joy	0.322825	\N
testuser	721261	104	fear	0.052949	\N
testuser	721261	104	disgust	0.034935	\N
testuser	721261	104	anger	0.076845	\N
testuser	721261	105	sadness	0.18844	\N
testuser	721261	105	joy	0.322825	\N
testuser	721261	105	fear	0.052949	\N
testuser	721261	105	disgust	0.034935	\N
testuser	721261	105	anger	0.076845	\N
testuser	939015	106	sadness	0.18844	\N
testuser	939015	106	joy	0.322825	\N
testuser	939015	106	fear	0.052949	\N
testuser	939015	106	disgust	0.034935	\N
testuser	939015	106	anger	0.076845	\N
testuser	939015	107	sadness	0.18844	\N
testuser	939015	107	joy	0.322825	\N
testuser	939015	107	fear	0.052949	\N
testuser	939015	107	disgust	0.034935	\N
testuser	939015	107	anger	0.076845	\N
testuser	939015	106	sadness	0.18844	\N
testuser	939015	106	joy	0.322825	\N
testuser	939015	106	fear	0.052949	\N
testuser	939015	106	disgust	0.034935	\N
testuser	939015	106	anger	0.076845	\N
testuser	939015	107	sadness	0.18844	\N
testuser	939015	107	joy	0.322825	\N
testuser	939015	107	fear	0.052949	\N
testuser	939015	107	disgust	0.034935	\N
testuser	939015	107	anger	0.076845	\N
testuser	885995	108	sadness	0.18844	\N
testuser	885995	108	joy	0.322825	\N
testuser	885995	108	fear	0.052949	\N
testuser	885995	108	disgust	0.034935	\N
testuser	885995	108	anger	0.076845	\N
testuser	885995	109	sadness	0.18844	\N
testuser	885995	109	joy	0.322825	\N
testuser	885995	109	fear	0.052949	\N
testuser	885995	109	disgust	0.034935	\N
testuser	885995	109	anger	0.076845	\N
testuser	574172	32	sadness	0.18844	\N
testuser	574172	32	joy	0.322825	\N
testuser	574172	32	fear	0.052949	\N
testuser	574172	32	disgust	0.034935	\N
testuser	574172	32	anger	0.076845	\N
testuser	574172	33	sadness	0.18844	\N
testuser	574172	33	joy	0.322825	\N
testuser	574172	33	fear	0.052949	\N
testuser	574172	33	disgust	0.034935	\N
testuser	574172	33	anger	0.076845	\N
testuser	396955	34	sadness	0.18844	\N
testuser	396955	34	joy	0.322825	\N
testuser	396955	34	fear	0.052949	\N
testuser	396955	34	disgust	0.034935	\N
testuser	396955	34	anger	0.076845	\N
testuser	396955	35	sadness	0.18844	\N
testuser	396955	35	joy	0.322825	\N
testuser	396955	35	fear	0.052949	\N
testuser	396955	35	disgust	0.034935	\N
testuser	396955	35	anger	0.076845	\N
testuser	119159	36	sadness	0.18844	\N
testuser	119159	36	joy	0.322825	\N
testuser	119159	36	fear	0.052949	\N
testuser	119159	36	disgust	0.034935	\N
testuser	119159	36	anger	0.076845	\N
testuser	119159	37	sadness	0.18844	\N
testuser	119159	37	joy	0.322825	\N
testuser	119159	37	fear	0.052949	\N
testuser	119159	37	disgust	0.034935	\N
testuser	119159	37	anger	0.076845	\N
\.


--
-- Data for Name: question_responses; Type: TABLE DATA; Schema: public; Owner: postgres
--

COPY public.question_responses (response_id, question_id, interview_id, username, "timestamp", question_answer, video_file_path, audio) FROM stdin;
387	32	574172	testuser	2024-04-12 14:59:57.131502+00	Type your response here.		
388	33	574172	testuser	2024-04-12 14:59:58.250297+00	Type your response here.		
389	34	396955	testuser	2024-04-12 15:06:14.7511+00	Type your response here.		
390	35	396955	testuser	2024-04-12 15:06:14.821005+00	Type your response here.		
391	36	119159	testuser	2024-04-12 18:42:58.63344+00	Type your response here.		
392	37	119159	testuser	2024-04-12 18:42:58.949883+00	Type your response here.		
\.


--
-- Data for Name: speech_emotion_results; Type: TABLE DATA; Schema: public; Owner: postgres
--

COPY public.speech_emotion_results (interview_id, question_id, emotion, confidence_lvl) FROM stdin;
12345	1	sad	0.8040185570716858
12346	1	sad	0.8040185570716858
12347	1	sad	0.8040185570716858
\.


--
-- Data for Name: speech_to_text; Type: TABLE DATA; Schema: public; Owner: postgres
--

COPY public.speech_to_text (username, interview_id, text) FROM stdin;
\.


--
-- Data for Name: users; Type: TABLE DATA; Schema: public; Owner: postgres
--

COPY public.users (id, username, password, email, pursuing_industry, resume) FROM stdin;
1	testuser	testpassword	test@example.com	Software Engineering	Sample Resume Text
\.


--
-- Name: auth_group_id_seq; Type: SEQUENCE SET; Schema: public; Owner: ricky
--

SELECT pg_catalog.setval('public.auth_group_id_seq', 1, false);


--
-- Name: auth_group_permissions_id_seq; Type: SEQUENCE SET; Schema: public; Owner: ricky
--

SELECT pg_catalog.setval('public.auth_group_permissions_id_seq', 1, false);


--
-- Name: auth_permission_id_seq; Type: SEQUENCE SET; Schema: public; Owner: ricky
--

SELECT pg_catalog.setval('public.auth_permission_id_seq', 24, true);


--
-- Name: auth_user_groups_id_seq; Type: SEQUENCE SET; Schema: public; Owner: ricky
--

SELECT pg_catalog.setval('public.auth_user_groups_id_seq', 1, false);


--
-- Name: auth_user_id_seq; Type: SEQUENCE SET; Schema: public; Owner: ricky
--

SELECT pg_catalog.setval('public.auth_user_id_seq', 1, true);


--
-- Name: auth_user_user_permissions_id_seq; Type: SEQUENCE SET; Schema: public; Owner: ricky
--

SELECT pg_catalog.setval('public.auth_user_user_permissions_id_seq', 1, false);


--
-- Name: default_questions_randomid_seq; Type: SEQUENCE SET; Schema: public; Owner: postgres
--

SELECT pg_catalog.setval('public.default_questions_randomid_seq', 109, true);


--
-- Name: django_admin_log_id_seq; Type: SEQUENCE SET; Schema: public; Owner: ricky
--

SELECT pg_catalog.setval('public.django_admin_log_id_seq', 1, false);


--
-- Name: django_content_type_id_seq; Type: SEQUENCE SET; Schema: public; Owner: ricky
--

SELECT pg_catalog.setval('public.django_content_type_id_seq', 6, true);


--
-- Name: django_migrations_id_seq; Type: SEQUENCE SET; Schema: public; Owner: ricky
--

SELECT pg_catalog.setval('public.django_migrations_id_seq', 18, true);


--
-- Name: interview_id_sequence; Type: SEQUENCE SET; Schema: public; Owner: postgres
--

SELECT pg_catalog.setval('public.interview_id_sequence', 1, false);


--
-- Name: question_responses_response_id_seq; Type: SEQUENCE SET; Schema: public; Owner: postgres
--

SELECT pg_catalog.setval('public.question_responses_response_id_seq', 392, true);


--
-- Name: users_id_seq; Type: SEQUENCE SET; Schema: public; Owner: postgres
--

SELECT pg_catalog.setval('public.users_id_seq', 1, true);


--
-- Name: auth_group auth_group_name_key; Type: CONSTRAINT; Schema: public; Owner: ricky
--

ALTER TABLE ONLY public.auth_group
    ADD CONSTRAINT auth_group_name_key UNIQUE (name);


--
-- Name: auth_group_permissions auth_group_permissions_group_id_permission_id_0cd325b0_uniq; Type: CONSTRAINT; Schema: public; Owner: ricky
--

ALTER TABLE ONLY public.auth_group_permissions
    ADD CONSTRAINT auth_group_permissions_group_id_permission_id_0cd325b0_uniq UNIQUE (group_id, permission_id);


--
-- Name: auth_group_permissions auth_group_permissions_pkey; Type: CONSTRAINT; Schema: public; Owner: ricky
--

ALTER TABLE ONLY public.auth_group_permissions
    ADD CONSTRAINT auth_group_permissions_pkey PRIMARY KEY (id);


--
-- Name: auth_group auth_group_pkey; Type: CONSTRAINT; Schema: public; Owner: ricky
--

ALTER TABLE ONLY public.auth_group
    ADD CONSTRAINT auth_group_pkey PRIMARY KEY (id);


--
-- Name: auth_permission auth_permission_content_type_id_codename_01ab375a_uniq; Type: CONSTRAINT; Schema: public; Owner: ricky
--

ALTER TABLE ONLY public.auth_permission
    ADD CONSTRAINT auth_permission_content_type_id_codename_01ab375a_uniq UNIQUE (content_type_id, codename);


--
-- Name: auth_permission auth_permission_pkey; Type: CONSTRAINT; Schema: public; Owner: ricky
--

ALTER TABLE ONLY public.auth_permission
    ADD CONSTRAINT auth_permission_pkey PRIMARY KEY (id);


--
-- Name: auth_user_groups auth_user_groups_pkey; Type: CONSTRAINT; Schema: public; Owner: ricky
--

ALTER TABLE ONLY public.auth_user_groups
    ADD CONSTRAINT auth_user_groups_pkey PRIMARY KEY (id);


--
-- Name: auth_user_groups auth_user_groups_user_id_group_id_94350c0c_uniq; Type: CONSTRAINT; Schema: public; Owner: ricky
--

ALTER TABLE ONLY public.auth_user_groups
    ADD CONSTRAINT auth_user_groups_user_id_group_id_94350c0c_uniq UNIQUE (user_id, group_id);


--
-- Name: auth_user auth_user_pkey; Type: CONSTRAINT; Schema: public; Owner: ricky
--

ALTER TABLE ONLY public.auth_user
    ADD CONSTRAINT auth_user_pkey PRIMARY KEY (id);


--
-- Name: auth_user_user_permissions auth_user_user_permissions_pkey; Type: CONSTRAINT; Schema: public; Owner: ricky
--

ALTER TABLE ONLY public.auth_user_user_permissions
    ADD CONSTRAINT auth_user_user_permissions_pkey PRIMARY KEY (id);


--
-- Name: auth_user_user_permissions auth_user_user_permissions_user_id_permission_id_14a6b632_uniq; Type: CONSTRAINT; Schema: public; Owner: ricky
--

ALTER TABLE ONLY public.auth_user_user_permissions
    ADD CONSTRAINT auth_user_user_permissions_user_id_permission_id_14a6b632_uniq UNIQUE (user_id, permission_id);


--
-- Name: auth_user auth_user_username_key; Type: CONSTRAINT; Schema: public; Owner: ricky
--

ALTER TABLE ONLY public.auth_user
    ADD CONSTRAINT auth_user_username_key UNIQUE (username);


--
-- Name: default_questions default_questions_pkey; Type: CONSTRAINT; Schema: public; Owner: postgres
--

ALTER TABLE ONLY public.default_questions
    ADD CONSTRAINT default_questions_pkey PRIMARY KEY (question_id);


--
-- Name: django_admin_log django_admin_log_pkey; Type: CONSTRAINT; Schema: public; Owner: ricky
--

ALTER TABLE ONLY public.django_admin_log
    ADD CONSTRAINT django_admin_log_pkey PRIMARY KEY (id);


--
-- Name: django_content_type django_content_type_app_label_model_76bd3d3b_uniq; Type: CONSTRAINT; Schema: public; Owner: ricky
--

ALTER TABLE ONLY public.django_content_type
    ADD CONSTRAINT django_content_type_app_label_model_76bd3d3b_uniq UNIQUE (app_label, model);


--
-- Name: django_content_type django_content_type_pkey; Type: CONSTRAINT; Schema: public; Owner: ricky
--

ALTER TABLE ONLY public.django_content_type
    ADD CONSTRAINT django_content_type_pkey PRIMARY KEY (id);


--
-- Name: django_migrations django_migrations_pkey; Type: CONSTRAINT; Schema: public; Owner: ricky
--

ALTER TABLE ONLY public.django_migrations
    ADD CONSTRAINT django_migrations_pkey PRIMARY KEY (id);


--
-- Name: django_session django_session_pkey; Type: CONSTRAINT; Schema: public; Owner: ricky
--

ALTER TABLE ONLY public.django_session
    ADD CONSTRAINT django_session_pkey PRIMARY KEY (session_key);


--
-- Name: question_responses question_responses_pkey; Type: CONSTRAINT; Schema: public; Owner: postgres
--

ALTER TABLE ONLY public.question_responses
    ADD CONSTRAINT question_responses_pkey PRIMARY KEY (response_id);


--
-- Name: speech_emotion_results speech_emotion_results_pkey; Type: CONSTRAINT; Schema: public; Owner: postgres
--

ALTER TABLE ONLY public.speech_emotion_results
    ADD CONSTRAINT speech_emotion_results_pkey PRIMARY KEY (interview_id);


--
-- Name: users users_pkey; Type: CONSTRAINT; Schema: public; Owner: postgres
--

ALTER TABLE ONLY public.users
    ADD CONSTRAINT users_pkey PRIMARY KEY (id);


--
-- Name: auth_group_name_a6ea08ec_like; Type: INDEX; Schema: public; Owner: ricky
--

CREATE INDEX auth_group_name_a6ea08ec_like ON public.auth_group USING btree (name varchar_pattern_ops);


--
-- Name: auth_group_permissions_group_id_b120cbf9; Type: INDEX; Schema: public; Owner: ricky
--

CREATE INDEX auth_group_permissions_group_id_b120cbf9 ON public.auth_group_permissions USING btree (group_id);


--
-- Name: auth_group_permissions_permission_id_84c5c92e; Type: INDEX; Schema: public; Owner: ricky
--

CREATE INDEX auth_group_permissions_permission_id_84c5c92e ON public.auth_group_permissions USING btree (permission_id);


--
-- Name: auth_permission_content_type_id_2f476e4b; Type: INDEX; Schema: public; Owner: ricky
--

CREATE INDEX auth_permission_content_type_id_2f476e4b ON public.auth_permission USING btree (content_type_id);


--
-- Name: auth_user_groups_group_id_97559544; Type: INDEX; Schema: public; Owner: ricky
--

CREATE INDEX auth_user_groups_group_id_97559544 ON public.auth_user_groups USING btree (group_id);


--
-- Name: auth_user_groups_user_id_6a12ed8b; Type: INDEX; Schema: public; Owner: ricky
--

CREATE INDEX auth_user_groups_user_id_6a12ed8b ON public.auth_user_groups USING btree (user_id);


--
-- Name: auth_user_user_permissions_permission_id_1fbb5f2c; Type: INDEX; Schema: public; Owner: ricky
--

CREATE INDEX auth_user_user_permissions_permission_id_1fbb5f2c ON public.auth_user_user_permissions USING btree (permission_id);


--
-- Name: auth_user_user_permissions_user_id_a95ead1b; Type: INDEX; Schema: public; Owner: ricky
--

CREATE INDEX auth_user_user_permissions_user_id_a95ead1b ON public.auth_user_user_permissions USING btree (user_id);


--
-- Name: auth_user_username_6821ab7c_like; Type: INDEX; Schema: public; Owner: ricky
--

CREATE INDEX auth_user_username_6821ab7c_like ON public.auth_user USING btree (username varchar_pattern_ops);


--
-- Name: django_admin_log_content_type_id_c4bce8eb; Type: INDEX; Schema: public; Owner: ricky
--

CREATE INDEX django_admin_log_content_type_id_c4bce8eb ON public.django_admin_log USING btree (content_type_id);


--
-- Name: django_admin_log_user_id_c564eba6; Type: INDEX; Schema: public; Owner: ricky
--

CREATE INDEX django_admin_log_user_id_c564eba6 ON public.django_admin_log USING btree (user_id);


--
-- Name: django_session_expire_date_a5c62663; Type: INDEX; Schema: public; Owner: ricky
--

CREATE INDEX django_session_expire_date_a5c62663 ON public.django_session USING btree (expire_date);


--
-- Name: django_session_session_key_c0390e0f_like; Type: INDEX; Schema: public; Owner: ricky
--

CREATE INDEX django_session_session_key_c0390e0f_like ON public.django_session USING btree (session_key varchar_pattern_ops);


--
-- Name: auth_group_permissions auth_group_permissio_permission_id_84c5c92e_fk_auth_perm; Type: FK CONSTRAINT; Schema: public; Owner: ricky
--

ALTER TABLE ONLY public.auth_group_permissions
    ADD CONSTRAINT auth_group_permissio_permission_id_84c5c92e_fk_auth_perm FOREIGN KEY (permission_id) REFERENCES public.auth_permission(id) DEFERRABLE INITIALLY DEFERRED;


--
-- Name: auth_group_permissions auth_group_permissions_group_id_b120cbf9_fk_auth_group_id; Type: FK CONSTRAINT; Schema: public; Owner: ricky
--

ALTER TABLE ONLY public.auth_group_permissions
    ADD CONSTRAINT auth_group_permissions_group_id_b120cbf9_fk_auth_group_id FOREIGN KEY (group_id) REFERENCES public.auth_group(id) DEFERRABLE INITIALLY DEFERRED;


--
-- Name: auth_permission auth_permission_content_type_id_2f476e4b_fk_django_co; Type: FK CONSTRAINT; Schema: public; Owner: ricky
--

ALTER TABLE ONLY public.auth_permission
    ADD CONSTRAINT auth_permission_content_type_id_2f476e4b_fk_django_co FOREIGN KEY (content_type_id) REFERENCES public.django_content_type(id) DEFERRABLE INITIALLY DEFERRED;


--
-- Name: auth_user_groups auth_user_groups_group_id_97559544_fk_auth_group_id; Type: FK CONSTRAINT; Schema: public; Owner: ricky
--

ALTER TABLE ONLY public.auth_user_groups
    ADD CONSTRAINT auth_user_groups_group_id_97559544_fk_auth_group_id FOREIGN KEY (group_id) REFERENCES public.auth_group(id) DEFERRABLE INITIALLY DEFERRED;


--
-- Name: auth_user_groups auth_user_groups_user_id_6a12ed8b_fk_auth_user_id; Type: FK CONSTRAINT; Schema: public; Owner: ricky
--

ALTER TABLE ONLY public.auth_user_groups
    ADD CONSTRAINT auth_user_groups_user_id_6a12ed8b_fk_auth_user_id FOREIGN KEY (user_id) REFERENCES public.auth_user(id) DEFERRABLE INITIALLY DEFERRED;


--
-- Name: auth_user_user_permissions auth_user_user_permi_permission_id_1fbb5f2c_fk_auth_perm; Type: FK CONSTRAINT; Schema: public; Owner: ricky
--

ALTER TABLE ONLY public.auth_user_user_permissions
    ADD CONSTRAINT auth_user_user_permi_permission_id_1fbb5f2c_fk_auth_perm FOREIGN KEY (permission_id) REFERENCES public.auth_permission(id) DEFERRABLE INITIALLY DEFERRED;


--
-- Name: auth_user_user_permissions auth_user_user_permissions_user_id_a95ead1b_fk_auth_user_id; Type: FK CONSTRAINT; Schema: public; Owner: ricky
--

ALTER TABLE ONLY public.auth_user_user_permissions
    ADD CONSTRAINT auth_user_user_permissions_user_id_a95ead1b_fk_auth_user_id FOREIGN KEY (user_id) REFERENCES public.auth_user(id) DEFERRABLE INITIALLY DEFERRED;


--
-- Name: django_admin_log django_admin_log_content_type_id_c4bce8eb_fk_django_co; Type: FK CONSTRAINT; Schema: public; Owner: ricky
--

ALTER TABLE ONLY public.django_admin_log
    ADD CONSTRAINT django_admin_log_content_type_id_c4bce8eb_fk_django_co FOREIGN KEY (content_type_id) REFERENCES public.django_content_type(id) DEFERRABLE INITIALLY DEFERRED;


--
-- Name: django_admin_log django_admin_log_user_id_c564eba6_fk_auth_user_id; Type: FK CONSTRAINT; Schema: public; Owner: ricky
--

ALTER TABLE ONLY public.django_admin_log
    ADD CONSTRAINT django_admin_log_user_id_c564eba6_fk_auth_user_id FOREIGN KEY (user_id) REFERENCES public.auth_user(id) DEFERRABLE INITIALLY DEFERRED;


--
-- Name: TABLE auth_group; Type: ACL; Schema: public; Owner: ricky
--

GRANT ALL ON TABLE public.auth_group TO PUBLIC;


--
-- Name: TABLE auth_group_permissions; Type: ACL; Schema: public; Owner: ricky
--

GRANT ALL ON TABLE public.auth_group_permissions TO PUBLIC;


--
-- Name: TABLE auth_permission; Type: ACL; Schema: public; Owner: ricky
--

GRANT ALL ON TABLE public.auth_permission TO PUBLIC;


--
-- Name: TABLE auth_user; Type: ACL; Schema: public; Owner: ricky
--

GRANT ALL ON TABLE public.auth_user TO PUBLIC;


--
-- Name: TABLE auth_user_groups; Type: ACL; Schema: public; Owner: ricky
--

GRANT ALL ON TABLE public.auth_user_groups TO PUBLIC;


--
-- Name: TABLE auth_user_user_permissions; Type: ACL; Schema: public; Owner: ricky
--

GRANT ALL ON TABLE public.auth_user_user_permissions TO PUBLIC;


--
-- Name: TABLE default_questions; Type: ACL; Schema: public; Owner: postgres
--

GRANT ALL ON TABLE public.default_questions TO ricky;
GRANT ALL ON TABLE public.default_questions TO PUBLIC;


--
-- Name: TABLE django_admin_log; Type: ACL; Schema: public; Owner: ricky
--

GRANT ALL ON TABLE public.django_admin_log TO PUBLIC;


--
-- Name: TABLE django_content_type; Type: ACL; Schema: public; Owner: ricky
--

GRANT ALL ON TABLE public.django_content_type TO PUBLIC;


--
-- Name: TABLE django_migrations; Type: ACL; Schema: public; Owner: ricky
--

GRANT ALL ON TABLE public.django_migrations TO PUBLIC;


--
-- Name: TABLE django_session; Type: ACL; Schema: public; Owner: ricky
--

GRANT ALL ON TABLE public.django_session TO PUBLIC;


--
-- Name: TABLE emotionsummary; Type: ACL; Schema: public; Owner: postgres
--

GRANT ALL ON TABLE public.emotionsummary TO ricky;
GRANT ALL ON TABLE public.emotionsummary TO PUBLIC;


--
-- Name: TABLE question_responses; Type: ACL; Schema: public; Owner: postgres
--

GRANT SELECT,INSERT,DELETE,UPDATE ON TABLE public.question_responses TO ricky;
GRANT ALL ON TABLE public.question_responses TO PUBLIC;


--
-- Name: SEQUENCE question_responses_response_id_seq; Type: ACL; Schema: public; Owner: postgres
--

GRANT SELECT,USAGE ON SEQUENCE public.question_responses_response_id_seq TO ricky;


--
-- Name: TABLE speech_emotion_results; Type: ACL; Schema: public; Owner: postgres
--

GRANT ALL ON TABLE public.speech_emotion_results TO PUBLIC;


--
-- Name: TABLE speech_to_text; Type: ACL; Schema: public; Owner: postgres
--

GRANT ALL ON TABLE public.speech_to_text TO PUBLIC;


--
-- Name: TABLE users; Type: ACL; Schema: public; Owner: postgres
--

GRANT SELECT,INSERT,DELETE,UPDATE ON TABLE public.users TO ricky;
GRANT ALL ON TABLE public.users TO PUBLIC;


--
-- PostgreSQL database dump complete
--

